"source","quantity","published","computed","tolerance","judgment","reason"
"Fleischer et al. (2009)","Corr(PFS, OS), lambda = (2, 0.5, 1.5), Section 3",0.52,0.522232967867094,0.005,"PASS",""
"Fleischer et al. (2009)","Example 1: Corr(PFS, OS)",0.34,0.34253507536798,0.005,"PASS",""
"Fleischer et al. (2009)","Example 1: proportion dying without progression (simulated, n = 1e6)",0.209,0.209241,0.002,"PASS",""
"Fleischer et al. (2009)","Example 3: median PFS, control",1.7,1.70139219577797,0.05,"PASS",""
"Fleischer et al. (2009)","Example 3: median PFS, treatment",3.4,3.40111472306156,0.05,"PASS",""
"Fleischer et al. (2009)","Example 3: median OS, control",9.2,9.20716436862529,0.05,"PASS",""
"Fleischer et al. (2009)","Example 3: median OS, treatment",9.3,9.30436125501283,0.05,"PASS",""
"Fleischer et al. (2009)","Example 3: 25th percentile of OS, control",4,4.00338711443,0.05,"PASS",""
"Fleischer et al. (2009)","Example 3: 25th percentile of OS, treatment",4.1,4.10337635044971,0.05,"PASS",""
"Fleischer et al. (2009)","Example 3: median OS, control with lambda3 = 0.0876",8.6,8.63181641122836,0.05,"PASS",""
"Fleischer et al. (2009)","Example 2: expected OS events at 47 months, exponential OS",1147,1146.05629150491,1,"PASS",""
"Fleischer et al. (2009)","Example 2: expected OS events at 47 months, model with death proportion 1/3",1201,1198.25943833244,1,"EXPLAINED","The paper gives the accrual as 45 patients per month with a total accrual time of approx. 29 months. With exactly 1300 / 45 months the expected number is 1198.3; with 29 months and 1305 patients it is 1202.1. The published 1201 lies between, and the exponential case above differs in the same direction."
"Fleischer et al. (2009)","Example 2: power of the log-rank test at 1201 events (88.7%)",0.887,NA,NA,"INFO","The paper does not state how the power was computed. The Schoenfeld formula with the hazard ratio 9/10.6 gives 0.809 at 1201 events."
"TrialSimulator (CorrelatedPfsAndOs3 example)","Corr(PFS, OS), h01 = 0.1, h02 = 0.05, h12 = 0.12 (simulated, 1e6)",0.65,0.64699663922063,0.005,"PASS",""
"TrialSimulator (CorrelatedPfsAndOs3 example)","median PFS",4.62,4.62098120373297,0.005,"PASS",""
"TrialSimulator (CorrelatedPfsAndOs3 example)","median OS",9.61,9.61186493114843,0.005,"PASS",""
"Erdmann et al. (2025)","Table 1, scenario 1: PFS hazard ratio",0.72,0.72,5e-04,"PASS",""
"Erdmann et al. (2025)","Table 1, scenario 2: PFS hazard ratio",0.725,0.725,5e-04,"PASS",""
"Erdmann et al. (2025)","Table 1, scenario 3: PFS hazard ratio",0.764,0.763636363636364,5e-04,"PASS",""
"Erdmann et al. (2025)","Table 1, scenario 4: PFS hazard ratio",0.8,0.8,5e-04,"PASS",""
