"item","key","value","description","source"
"tableS6_two_in_one","cor_os_resp_N1_cor0.2_kappa1",0.121773903809492,"cor_os_resp, N1_cor0.2_kappa1","two_in_one_simulation.rds"
"tableS6_two_in_one","r_xy_N1_cor0.2_kappa1",0.182803062948378,"r_xy, N1_cor0.2_kappa1","two_in_one_simulation.rds"
"tableS6_two_in_one","r_xz_N1_cor0.2_kappa1",0.054785827358958,"r_xz, N1_cor0.2_kappa1","two_in_one_simulation.rds"
"tableS6_two_in_one","r_xy_os_N1_cor0.2_kappa1",0.110477463411762,"r_xy_os, N1_cor0.2_kappa1","two_in_one_simulation.rds"
"tableS6_two_in_one","r_xz_pfs_N1_cor0.2_kappa1",0.0840143605801642,"r_xz_pfs, N1_cor0.2_kappa1","two_in_one_simulation.rds"
"tableS6_two_in_one","go_N1_cor0.2_kappa1",0.05146,"go, N1_cor0.2_kappa1","two_in_one_simulation.rds"
"tableS6_two_in_one","ess_N1_cor0.2_kappa1",139.5548,"ess, N1_cor0.2_kappa1","two_in_one_simulation.rds"
"tableS6_two_in_one","success_chen_N1_cor0.2_kappa1",0.02393,"success_chen, N1_cor0.2_kappa1","two_in_one_simulation.rds"
"tableS6_two_in_one","success_g1_N1_cor0.2_kappa1",0.02272,"success_g1, N1_cor0.2_kappa1","two_in_one_simulation.rds"
"tableS6_two_in_one","t_x_N1_cor0.2_kappa1",11.9256892460601,"t_x, N1_cor0.2_kappa1","two_in_one_simulation.rds"
"tableS6_two_in_one","t_y_N1_cor0.2_kappa1",14.2121151265911,"t_y, N1_cor0.2_kappa1","two_in_one_simulation.rds"
"tableS6_two_in_one","t_z_N1_cor0.2_kappa1",37.2473041282553,"t_z, N1_cor0.2_kappa1","two_in_one_simulation.rds"
"tableS6_two_in_one","nsim_N1_cor0.2_kappa1",1e+05,"nsim, N1_cor0.2_kappa1","two_in_one_simulation.rds"
"tableS6_two_in_one","cor_os_resp_N1_cor0.4_kappa1",0.243547807625833,"cor_os_resp, N1_cor0.4_kappa1","two_in_one_simulation.rds"
"tableS6_two_in_one","r_xy_N1_cor0.4_kappa1",0.333758434020403,"r_xy, N1_cor0.4_kappa1","two_in_one_simulation.rds"
"tableS6_two_in_one","r_xz_N1_cor0.4_kappa1",0.104410019083895,"r_xz, N1_cor0.4_kappa1","two_in_one_simulation.rds"
"tableS6_two_in_one","r_xy_os_N1_cor0.4_kappa1",0.190146935374183,"r_xy_os, N1_cor0.4_kappa1","two_in_one_simulation.rds"
"tableS6_two_in_one","r_xz_pfs_N1_cor0.4_kappa1",0.165233327235246,"r_xz_pfs, N1_cor0.4_kappa1","two_in_one_simulation.rds"
"tableS6_two_in_one","go_N1_cor0.4_kappa1",0.05137,"go, N1_cor0.4_kappa1","two_in_one_simulation.rds"
"tableS6_two_in_one","ess_N1_cor0.4_kappa1",139.5206,"ess, N1_cor0.4_kappa1","two_in_one_simulation.rds"
"tableS6_two_in_one","success_chen_N1_cor0.4_kappa1",0.02242,"success_chen, N1_cor0.4_kappa1","two_in_one_simulation.rds"
"tableS6_two_in_one","success_g1_N1_cor0.4_kappa1",0.0219,"success_g1, N1_cor0.4_kappa1","two_in_one_simulation.rds"
"tableS6_two_in_one","t_x_N1_cor0.4_kappa1",11.9248544986605,"t_x, N1_cor0.4_kappa1","two_in_one_simulation.rds"
"tableS6_two_in_one","t_y_N1_cor0.4_kappa1",14.2154969531831,"t_y, N1_cor0.4_kappa1","two_in_one_simulation.rds"
"tableS6_two_in_one","t_z_N1_cor0.4_kappa1",37.2507826340453,"t_z, N1_cor0.4_kappa1","two_in_one_simulation.rds"
"tableS6_two_in_one","nsim_N1_cor0.4_kappa1",1e+05,"nsim, N1_cor0.4_kappa1","two_in_one_simulation.rds"
"tableS6_two_in_one","cor_os_resp_N1_cor0.6_kappa1",0.365321711426655,"cor_os_resp, N1_cor0.6_kappa1","two_in_one_simulation.rds"
"tableS6_two_in_one","r_xy_N1_cor0.6_kappa1",0.513909437372246,"r_xy, N1_cor0.6_kappa1","two_in_one_simulation.rds"
"tableS6_two_in_one","r_xz_N1_cor0.6_kappa1",0.169028156389566,"r_xz, N1_cor0.6_kappa1","two_in_one_simulation.rds"
"tableS6_two_in_one","r_xy_os_N1_cor0.6_kappa1",0.28718033778569,"r_xy_os, N1_cor0.6_kappa1","two_in_one_simulation.rds"
"tableS6_two_in_one","r_xz_pfs_N1_cor0.6_kappa1",0.251953659590664,"r_xz_pfs, N1_cor0.6_kappa1","two_in_one_simulation.rds"
"tableS6_two_in_one","go_N1_cor0.6_kappa1",0.05143,"go, N1_cor0.6_kappa1","two_in_one_simulation.rds"
"tableS6_two_in_one","ess_N1_cor0.6_kappa1",139.5434,"ess, N1_cor0.6_kappa1","two_in_one_simulation.rds"
"tableS6_two_in_one","success_chen_N1_cor0.6_kappa1",0.01993,"success_chen, N1_cor0.6_kappa1","two_in_one_simulation.rds"
"tableS6_two_in_one","success_g1_N1_cor0.6_kappa1",0.02059,"success_g1, N1_cor0.6_kappa1","two_in_one_simulation.rds"
"tableS6_two_in_one","t_x_N1_cor0.6_kappa1",11.9276536302961,"t_x, N1_cor0.6_kappa1","two_in_one_simulation.rds"
"tableS6_two_in_one","t_y_N1_cor0.6_kappa1",14.2063146832845,"t_y, N1_cor0.6_kappa1","two_in_one_simulation.rds"
"tableS6_two_in_one","t_z_N1_cor0.6_kappa1",37.247487721803,"t_z, N1_cor0.6_kappa1","two_in_one_simulation.rds"
"tableS6_two_in_one","nsim_N1_cor0.6_kappa1",1e+05,"nsim, N1_cor0.6_kappa1","two_in_one_simulation.rds"
"tableS6_two_in_one","cor_os_resp_N1_cor0.2_kappa0.6",0.278973068014823,"cor_os_resp, N1_cor0.2_kappa0.6","two_in_one_simulation.rds"
"tableS6_two_in_one","r_xy_N1_cor0.2_kappa0.6",0.179528106941495,"r_xy, N1_cor0.2_kappa0.6","two_in_one_simulation.rds"
"tableS6_two_in_one","r_xz_N1_cor0.2_kappa0.6",0.112343089188716,"r_xz, N1_cor0.2_kappa0.6","two_in_one_simulation.rds"
"tableS6_two_in_one","r_xy_os_N1_cor0.2_kappa0.6",0.163280578728432,"r_xy_os, N1_cor0.2_kappa0.6","two_in_one_simulation.rds"
"tableS6_two_in_one","r_xz_pfs_N1_cor0.2_kappa0.6",0.0755840689477139,"r_xz_pfs, N1_cor0.2_kappa0.6","two_in_one_simulation.rds"
"tableS6_two_in_one","go_N1_cor0.2_kappa0.6",0.05118,"go, N1_cor0.2_kappa0.6","two_in_one_simulation.rds"
"tableS6_two_in_one","ess_N1_cor0.2_kappa0.6",139.4484,"ess, N1_cor0.2_kappa0.6","two_in_one_simulation.rds"
"tableS6_two_in_one","success_chen_N1_cor0.2_kappa0.6",0.02536,"success_chen, N1_cor0.2_kappa0.6","two_in_one_simulation.rds"
"tableS6_two_in_one","success_g1_N1_cor0.2_kappa0.6",0.02322,"success_g1, N1_cor0.2_kappa0.6","two_in_one_simulation.rds"
"tableS6_two_in_one","t_x_N1_cor0.2_kappa0.6",11.9259446895561,"t_x, N1_cor0.2_kappa0.6","two_in_one_simulation.rds"
"tableS6_two_in_one","t_y_N1_cor0.2_kappa0.6",14.2112081105808,"t_y, N1_cor0.2_kappa0.6","two_in_one_simulation.rds"
"tableS6_two_in_one","t_z_N1_cor0.2_kappa0.6",37.4937019314761,"t_z, N1_cor0.2_kappa0.6","two_in_one_simulation.rds"
"tableS6_two_in_one","nsim_N1_cor0.2_kappa0.6",1e+05,"nsim, N1_cor0.2_kappa0.6","two_in_one_simulation.rds"
"tableS6_two_in_one","cor_os_resp_N1_cor0.4_kappa0.6",0.380885982213031,"cor_os_resp, N1_cor0.4_kappa0.6","two_in_one_simulation.rds"
"tableS6_two_in_one","r_xy_N1_cor0.4_kappa0.6",0.337121898582447,"r_xy, N1_cor0.4_kappa0.6","two_in_one_simulation.rds"
"tableS6_two_in_one","r_xz_N1_cor0.4_kappa0.6",0.165432751235169,"r_xz, N1_cor0.4_kappa0.6","two_in_one_simulation.rds"
"tableS6_two_in_one","r_xy_os_N1_cor0.4_kappa0.6",0.235863781175731,"r_xy_os, N1_cor0.4_kappa0.6","two_in_one_simulation.rds"
"tableS6_two_in_one","r_xz_pfs_N1_cor0.4_kappa0.6",0.163013477537691,"r_xz_pfs, N1_cor0.4_kappa0.6","two_in_one_simulation.rds"
"tableS6_two_in_one","go_N1_cor0.4_kappa0.6",0.05145,"go, N1_cor0.4_kappa0.6","two_in_one_simulation.rds"
"tableS6_two_in_one","ess_N1_cor0.4_kappa0.6",139.551,"ess, N1_cor0.4_kappa0.6","two_in_one_simulation.rds"
"tableS6_two_in_one","success_chen_N1_cor0.4_kappa0.6",0.02441,"success_chen, N1_cor0.4_kappa0.6","two_in_one_simulation.rds"
"tableS6_two_in_one","success_g1_N1_cor0.4_kappa0.6",0.0225,"success_g1, N1_cor0.4_kappa0.6","two_in_one_simulation.rds"
"tableS6_two_in_one","t_x_N1_cor0.4_kappa0.6",11.9255256367006,"t_x, N1_cor0.4_kappa0.6","two_in_one_simulation.rds"
"tableS6_two_in_one","t_y_N1_cor0.4_kappa0.6",14.213718564564,"t_y, N1_cor0.4_kappa0.6","two_in_one_simulation.rds"
"tableS6_two_in_one","t_z_N1_cor0.4_kappa0.6",37.6080957510618,"t_z, N1_cor0.4_kappa0.6","two_in_one_simulation.rds"
"tableS6_two_in_one","nsim_N1_cor0.4_kappa0.6",1e+05,"nsim, N1_cor0.4_kappa0.6","two_in_one_simulation.rds"
"tableS6_two_in_one","cor_os_resp_N1_cor0.6_kappa0.6",0.475219845788947,"cor_os_resp, N1_cor0.6_kappa0.6","two_in_one_simulation.rds"
"tableS6_two_in_one","r_xy_N1_cor0.6_kappa0.6",0.515402706031269,"r_xy, N1_cor0.6_kappa0.6","two_in_one_simulation.rds"
"tableS6_two_in_one","r_xz_N1_cor0.6_kappa0.6",0.217148620996317,"r_xz, N1_cor0.6_kappa0.6","two_in_one_simulation.rds"
"tableS6_two_in_one","r_xy_os_N1_cor0.6_kappa0.6",0.312973639201155,"r_xy_os, N1_cor0.6_kappa0.6","two_in_one_simulation.rds"
"tableS6_two_in_one","r_xz_pfs_N1_cor0.6_kappa0.6",0.256298622305386,"r_xz_pfs, N1_cor0.6_kappa0.6","two_in_one_simulation.rds"
"tableS6_two_in_one","go_N1_cor0.6_kappa0.6",0.05155,"go, N1_cor0.6_kappa0.6","two_in_one_simulation.rds"
"tableS6_two_in_one","ess_N1_cor0.6_kappa0.6",139.589,"ess, N1_cor0.6_kappa0.6","two_in_one_simulation.rds"
"tableS6_two_in_one","success_chen_N1_cor0.6_kappa0.6",0.02005,"success_chen, N1_cor0.6_kappa0.6","two_in_one_simulation.rds"
"tableS6_two_in_one","success_g1_N1_cor0.6_kappa0.6",0.01991,"success_g1, N1_cor0.6_kappa0.6","two_in_one_simulation.rds"
"tableS6_two_in_one","t_x_N1_cor0.6_kappa0.6",11.9247085882591,"t_x, N1_cor0.6_kappa0.6","two_in_one_simulation.rds"
"tableS6_two_in_one","t_y_N1_cor0.6_kappa0.6",14.2133744260237,"t_y, N1_cor0.6_kappa0.6","two_in_one_simulation.rds"
"tableS6_two_in_one","t_z_N1_cor0.6_kappa0.6",37.7462346498097,"t_z, N1_cor0.6_kappa0.6","two_in_one_simulation.rds"
"tableS6_two_in_one","nsim_N1_cor0.6_kappa0.6",1e+05,"nsim, N1_cor0.6_kappa0.6","two_in_one_simulation.rds"
"tableS6_two_in_one","cor_os_resp_N2_cor0.2_kappa1",0.121773903809492,"cor_os_resp, N2_cor0.2_kappa1","two_in_one_simulation.rds"
"tableS6_two_in_one","r_xy_N2_cor0.2_kappa1",0.190106168365921,"r_xy, N2_cor0.2_kappa1","two_in_one_simulation.rds"
"tableS6_two_in_one","r_xz_N2_cor0.2_kappa1",0.0505973331079044,"r_xz, N2_cor0.2_kappa1","two_in_one_simulation.rds"
"tableS6_two_in_one","r_xy_os_N2_cor0.2_kappa1",0.115511057251726,"r_xy_os, N2_cor0.2_kappa1","two_in_one_simulation.rds"
"tableS6_two_in_one","r_xz_pfs_N2_cor0.2_kappa1",0.0825876356552947,"r_xz_pfs, N2_cor0.2_kappa1","two_in_one_simulation.rds"
"tableS6_two_in_one","go_N2_cor0.2_kappa1",0.48983,"go, N2_cor0.2_kappa1","two_in_one_simulation.rds"
"tableS6_two_in_one","ess_N2_cor0.2_kappa1",306.1354,"ess, N2_cor0.2_kappa1","two_in_one_simulation.rds"
"tableS6_two_in_one","success_chen_N2_cor0.2_kappa1",0.02166,"success_chen, N2_cor0.2_kappa1","two_in_one_simulation.rds"
"tableS6_two_in_one","success_g1_N2_cor0.2_kappa1",0.02089,"success_g1, N2_cor0.2_kappa1","two_in_one_simulation.rds"
"tableS6_two_in_one","t_x_N2_cor0.2_kappa1",11.9239412361444,"t_x, N2_cor0.2_kappa1","two_in_one_simulation.rds"
"tableS6_two_in_one","t_y_N2_cor0.2_kappa1",14.2118046474174,"t_y, N2_cor0.2_kappa1","two_in_one_simulation.rds"
"tableS6_two_in_one","t_z_N2_cor0.2_kappa1",37.2447408917426,"t_z, N2_cor0.2_kappa1","two_in_one_simulation.rds"
"tableS6_two_in_one","nsim_N2_cor0.2_kappa1",1e+05,"nsim, N2_cor0.2_kappa1","two_in_one_simulation.rds"
"tableS6_two_in_one","cor_os_resp_N2_cor0.4_kappa1",0.243547807625833,"cor_os_resp, N2_cor0.4_kappa1","two_in_one_simulation.rds"
"tableS6_two_in_one","r_xy_N2_cor0.4_kappa1",0.347297815641241,"r_xy, N2_cor0.4_kappa1","two_in_one_simulation.rds"
"tableS6_two_in_one","r_xz_N2_cor0.4_kappa1",0.105532478588158,"r_xz, N2_cor0.4_kappa1","two_in_one_simulation.rds"
"tableS6_two_in_one","r_xy_os_N2_cor0.4_kappa1",0.200777850853178,"r_xy_os, N2_cor0.4_kappa1","two_in_one_simulation.rds"
"tableS6_two_in_one","r_xz_pfs_N2_cor0.4_kappa1",0.167562597779514,"r_xz_pfs, N2_cor0.4_kappa1","two_in_one_simulation.rds"
"tableS6_two_in_one","go_N2_cor0.4_kappa1",0.49339,"go, N2_cor0.4_kappa1","two_in_one_simulation.rds"
"tableS6_two_in_one","ess_N2_cor0.4_kappa1",307.4882,"ess, N2_cor0.4_kappa1","two_in_one_simulation.rds"
"tableS6_two_in_one","success_chen_N2_cor0.4_kappa1",0.01998,"success_chen, N2_cor0.4_kappa1","two_in_one_simulation.rds"
"tableS6_two_in_one","success_g1_N2_cor0.4_kappa1",0.02028,"success_g1, N2_cor0.4_kappa1","two_in_one_simulation.rds"
"tableS6_two_in_one","t_x_N2_cor0.4_kappa1",11.9257300735851,"t_x, N2_cor0.4_kappa1","two_in_one_simulation.rds"
"tableS6_two_in_one","t_y_N2_cor0.4_kappa1",14.2071879129973,"t_y, N2_cor0.4_kappa1","two_in_one_simulation.rds"
"tableS6_two_in_one","t_z_N2_cor0.4_kappa1",37.2499406064174,"t_z, N2_cor0.4_kappa1","two_in_one_simulation.rds"
"tableS6_two_in_one","nsim_N2_cor0.4_kappa1",1e+05,"nsim, N2_cor0.4_kappa1","two_in_one_simulation.rds"
"tableS6_two_in_one","cor_os_resp_N2_cor0.6_kappa1",0.365321711426655,"cor_os_resp, N2_cor0.6_kappa1","two_in_one_simulation.rds"
"tableS6_two_in_one","r_xy_N2_cor0.6_kappa1",0.548447665573235,"r_xy, N2_cor0.6_kappa1","two_in_one_simulation.rds"
"tableS6_two_in_one","r_xz_N2_cor0.6_kappa1",0.16503630328273,"r_xz, N2_cor0.6_kappa1","two_in_one_simulation.rds"
"tableS6_two_in_one","r_xy_os_N2_cor0.6_kappa1",0.308670974831341,"r_xy_os, N2_cor0.6_kappa1","two_in_one_simulation.rds"
"tableS6_two_in_one","r_xz_pfs_N2_cor0.6_kappa1",0.254824384490355,"r_xz_pfs, N2_cor0.6_kappa1","two_in_one_simulation.rds"
"tableS6_two_in_one","go_N2_cor0.6_kappa1",0.48583,"go, N2_cor0.6_kappa1","two_in_one_simulation.rds"
"tableS6_two_in_one","ess_N2_cor0.6_kappa1",304.6154,"ess, N2_cor0.6_kappa1","two_in_one_simulation.rds"
"tableS6_two_in_one","success_chen_N2_cor0.6_kappa1",0.01786,"success_chen, N2_cor0.6_kappa1","two_in_one_simulation.rds"
"tableS6_two_in_one","success_g1_N2_cor0.6_kappa1",0.01928,"success_g1, N2_cor0.6_kappa1","two_in_one_simulation.rds"
"tableS6_two_in_one","t_x_N2_cor0.6_kappa1",11.9240988573624,"t_x, N2_cor0.6_kappa1","two_in_one_simulation.rds"
"tableS6_two_in_one","t_y_N2_cor0.6_kappa1",14.2088468064821,"t_y, N2_cor0.6_kappa1","two_in_one_simulation.rds"
"tableS6_two_in_one","t_z_N2_cor0.6_kappa1",37.2509956891724,"t_z, N2_cor0.6_kappa1","two_in_one_simulation.rds"
"tableS6_two_in_one","nsim_N2_cor0.6_kappa1",1e+05,"nsim, N2_cor0.6_kappa1","two_in_one_simulation.rds"
"tableS6_two_in_one","cor_os_resp_A_cor0.2_kappa1",0.121773903809492,"cor_os_resp, A_cor0.2_kappa1","two_in_one_simulation.rds"
"tableS6_two_in_one","r_xy_A_cor0.2_kappa1",0.174139959642425,"r_xy, A_cor0.2_kappa1","two_in_one_simulation.rds"
"tableS6_two_in_one","r_xz_A_cor0.2_kappa1",0.0525225458749938,"r_xz, A_cor0.2_kappa1","two_in_one_simulation.rds"
"tableS6_two_in_one","r_xy_os_A_cor0.2_kappa1",0.124380248185737,"r_xy_os, A_cor0.2_kappa1","two_in_one_simulation.rds"
"tableS6_two_in_one","r_xz_pfs_A_cor0.2_kappa1",0.0708740647154112,"r_xz_pfs, A_cor0.2_kappa1","two_in_one_simulation.rds"
"tableS6_two_in_one","go_A_cor0.2_kappa1",0.4724,"go, A_cor0.2_kappa1","two_in_one_simulation.rds"
"tableS6_two_in_one","ess_A_cor0.2_kappa1",299.512,"ess, A_cor0.2_kappa1","two_in_one_simulation.rds"
"tableS6_two_in_one","success_chen_A_cor0.2_kappa1",0.811,"success_chen, A_cor0.2_kappa1","two_in_one_simulation.rds"
"tableS6_two_in_one","success_g1_A_cor0.2_kappa1",0.7727,"success_g1, A_cor0.2_kappa1","two_in_one_simulation.rds"
"tableS6_two_in_one","t_x_A_cor0.2_kappa1",11.91779482705,"t_x, A_cor0.2_kappa1","two_in_one_simulation.rds"
"tableS6_two_in_one","t_y_A_cor0.2_kappa1",16.6266188175775,"t_y, A_cor0.2_kappa1","two_in_one_simulation.rds"
"tableS6_two_in_one","t_z_A_cor0.2_kappa1",40.8806838888854,"t_z, A_cor0.2_kappa1","two_in_one_simulation.rds"
"tableS6_two_in_one","nsim_A_cor0.2_kappa1",10000,"nsim, A_cor0.2_kappa1","two_in_one_simulation.rds"
"tableS6_two_in_one","cor_os_resp_A_cor0.4_kappa1",0.243547807625833,"cor_os_resp, A_cor0.4_kappa1","two_in_one_simulation.rds"
"tableS6_two_in_one","r_xy_A_cor0.4_kappa1",0.33762017505465,"r_xy, A_cor0.4_kappa1","two_in_one_simulation.rds"
"tableS6_two_in_one","r_xz_A_cor0.4_kappa1",0.129006160156938,"r_xz, A_cor0.4_kappa1","two_in_one_simulation.rds"
"tableS6_two_in_one","r_xy_os_A_cor0.4_kappa1",0.223650304465261,"r_xy_os, A_cor0.4_kappa1","two_in_one_simulation.rds"
"tableS6_two_in_one","r_xz_pfs_A_cor0.4_kappa1",0.165382556694017,"r_xz_pfs, A_cor0.4_kappa1","two_in_one_simulation.rds"
"tableS6_two_in_one","go_A_cor0.4_kappa1",0.4698,"go, A_cor0.4_kappa1","two_in_one_simulation.rds"
"tableS6_two_in_one","ess_A_cor0.4_kappa1",298.524,"ess, A_cor0.4_kappa1","two_in_one_simulation.rds"
"tableS6_two_in_one","success_chen_A_cor0.4_kappa1",0.7863,"success_chen, A_cor0.4_kappa1","two_in_one_simulation.rds"
"tableS6_two_in_one","success_g1_A_cor0.4_kappa1",0.7435,"success_g1, A_cor0.4_kappa1","two_in_one_simulation.rds"
"tableS6_two_in_one","t_x_A_cor0.4_kappa1",11.9214588726829,"t_x, A_cor0.4_kappa1","two_in_one_simulation.rds"
"tableS6_two_in_one","t_y_A_cor0.4_kappa1",16.5974369738347,"t_y, A_cor0.4_kappa1","two_in_one_simulation.rds"
"tableS6_two_in_one","t_z_A_cor0.4_kappa1",40.8621783019372,"t_z, A_cor0.4_kappa1","two_in_one_simulation.rds"
"tableS6_two_in_one","nsim_A_cor0.4_kappa1",10000,"nsim, A_cor0.4_kappa1","two_in_one_simulation.rds"
"tableS6_two_in_one","cor_os_resp_A_cor0.6_kappa1",0.365321711426655,"cor_os_resp, A_cor0.6_kappa1","two_in_one_simulation.rds"
"tableS6_two_in_one","r_xy_A_cor0.6_kappa1",0.54274447117673,"r_xy, A_cor0.6_kappa1","two_in_one_simulation.rds"
"tableS6_two_in_one","r_xz_A_cor0.6_kappa1",0.205577476106327,"r_xz, A_cor0.6_kappa1","two_in_one_simulation.rds"
"tableS6_two_in_one","r_xy_os_A_cor0.6_kappa1",0.34317746525961,"r_xy_os, A_cor0.6_kappa1","two_in_one_simulation.rds"
"tableS6_two_in_one","r_xz_pfs_A_cor0.6_kappa1",0.264706668740498,"r_xz_pfs, A_cor0.6_kappa1","two_in_one_simulation.rds"
"tableS6_two_in_one","go_A_cor0.6_kappa1",0.4741,"go, A_cor0.6_kappa1","two_in_one_simulation.rds"
"tableS6_two_in_one","ess_A_cor0.6_kappa1",300.158,"ess, A_cor0.6_kappa1","two_in_one_simulation.rds"
"tableS6_two_in_one","success_chen_A_cor0.6_kappa1",0.765,"success_chen, A_cor0.6_kappa1","two_in_one_simulation.rds"
"tableS6_two_in_one","success_g1_A_cor0.6_kappa1",0.7205,"success_g1, A_cor0.6_kappa1","two_in_one_simulation.rds"
"tableS6_two_in_one","t_x_A_cor0.6_kappa1",11.9283660548873,"t_x, A_cor0.6_kappa1","two_in_one_simulation.rds"
"tableS6_two_in_one","t_y_A_cor0.6_kappa1",16.6275085633683,"t_y, A_cor0.6_kappa1","two_in_one_simulation.rds"
"tableS6_two_in_one","t_z_A_cor0.6_kappa1",40.8705315097565,"t_z, A_cor0.6_kappa1","two_in_one_simulation.rds"
"tableS6_two_in_one","nsim_A_cor0.6_kappa1",10000,"nsim, A_cor0.6_kappa1","two_in_one_simulation.rds"
"tableS6_two_in_one","cor_os_resp_A_cor0.2_kappa0.6",0.278973068014823,"cor_os_resp, A_cor0.2_kappa0.6","two_in_one_simulation.rds"
"tableS6_two_in_one","r_xy_A_cor0.2_kappa0.6",0.194490374245408,"r_xy, A_cor0.2_kappa0.6","two_in_one_simulation.rds"
"tableS6_two_in_one","r_xz_A_cor0.2_kappa0.6",0.129643268914158,"r_xz, A_cor0.2_kappa0.6","two_in_one_simulation.rds"
"tableS6_two_in_one","r_xy_os_A_cor0.2_kappa0.6",0.192483408139384,"r_xy_os, A_cor0.2_kappa0.6","two_in_one_simulation.rds"
"tableS6_two_in_one","r_xz_pfs_A_cor0.2_kappa0.6",0.0934238840441919,"r_xz_pfs, A_cor0.2_kappa0.6","two_in_one_simulation.rds"
"tableS6_two_in_one","go_A_cor0.2_kappa0.6",0.4796,"go, A_cor0.2_kappa0.6","two_in_one_simulation.rds"
"tableS6_two_in_one","ess_A_cor0.2_kappa0.6",302.248,"ess, A_cor0.2_kappa0.6","two_in_one_simulation.rds"
"tableS6_two_in_one","success_chen_A_cor0.2_kappa0.6",0.8123,"success_chen, A_cor0.2_kappa0.6","two_in_one_simulation.rds"
"tableS6_two_in_one","success_g1_A_cor0.2_kappa0.6",0.7743,"success_g1, A_cor0.2_kappa0.6","two_in_one_simulation.rds"
"tableS6_two_in_one","t_x_A_cor0.2_kappa0.6",11.9208268672796,"t_x, A_cor0.2_kappa0.6","two_in_one_simulation.rds"
"tableS6_two_in_one","t_y_A_cor0.2_kappa0.6",16.6366329677733,"t_y, A_cor0.2_kappa0.6","two_in_one_simulation.rds"
"tableS6_two_in_one","t_z_A_cor0.2_kappa0.6",41.6541378656562,"t_z, A_cor0.2_kappa0.6","two_in_one_simulation.rds"
"tableS6_two_in_one","nsim_A_cor0.2_kappa0.6",10000,"nsim, A_cor0.2_kappa0.6","two_in_one_simulation.rds"
"tableS6_two_in_one","cor_os_resp_A_cor0.4_kappa0.6",0.380885982213031,"cor_os_resp, A_cor0.4_kappa0.6","two_in_one_simulation.rds"
"tableS6_two_in_one","r_xy_A_cor0.4_kappa0.6",0.332962693875406,"r_xy, A_cor0.4_kappa0.6","two_in_one_simulation.rds"
"tableS6_two_in_one","r_xz_A_cor0.4_kappa0.6",0.167164447266895,"r_xz, A_cor0.4_kappa0.6","two_in_one_simulation.rds"
"tableS6_two_in_one","r_xy_os_A_cor0.4_kappa0.6",0.249169074589986,"r_xy_os, A_cor0.4_kappa0.6","two_in_one_simulation.rds"
"tableS6_two_in_one","r_xz_pfs_A_cor0.4_kappa0.6",0.162843345647871,"r_xz_pfs, A_cor0.4_kappa0.6","two_in_one_simulation.rds"
"tableS6_two_in_one","go_A_cor0.4_kappa0.6",0.4781,"go, A_cor0.4_kappa0.6","two_in_one_simulation.rds"
"tableS6_two_in_one","ess_A_cor0.4_kappa0.6",301.678,"ess, A_cor0.4_kappa0.6","two_in_one_simulation.rds"
"tableS6_two_in_one","success_chen_A_cor0.4_kappa0.6",0.793,"success_chen, A_cor0.4_kappa0.6","two_in_one_simulation.rds"
"tableS6_two_in_one","success_g1_A_cor0.4_kappa0.6",0.7544,"success_g1, A_cor0.4_kappa0.6","two_in_one_simulation.rds"
"tableS6_two_in_one","t_x_A_cor0.4_kappa0.6",11.9326445141902,"t_x, A_cor0.4_kappa0.6","two_in_one_simulation.rds"
"tableS6_two_in_one","t_y_A_cor0.4_kappa0.6",16.6495583600982,"t_y, A_cor0.4_kappa0.6","two_in_one_simulation.rds"
"tableS6_two_in_one","t_z_A_cor0.4_kappa0.6",41.7680761664106,"t_z, A_cor0.4_kappa0.6","two_in_one_simulation.rds"
"tableS6_two_in_one","nsim_A_cor0.4_kappa0.6",10000,"nsim, A_cor0.4_kappa0.6","two_in_one_simulation.rds"
"tableS6_two_in_one","cor_os_resp_A_cor0.6_kappa0.6",0.475219845788947,"cor_os_resp, A_cor0.6_kappa0.6","two_in_one_simulation.rds"
"tableS6_two_in_one","r_xy_A_cor0.6_kappa0.6",0.555950487004,"r_xy, A_cor0.6_kappa0.6","two_in_one_simulation.rds"
"tableS6_two_in_one","r_xz_A_cor0.6_kappa0.6",0.248889113244026,"r_xz, A_cor0.6_kappa0.6","two_in_one_simulation.rds"
"tableS6_two_in_one","r_xy_os_A_cor0.6_kappa0.6",0.377153155039169,"r_xy_os, A_cor0.6_kappa0.6","two_in_one_simulation.rds"
"tableS6_two_in_one","r_xz_pfs_A_cor0.6_kappa0.6",0.265871926155564,"r_xz_pfs, A_cor0.6_kappa0.6","two_in_one_simulation.rds"
"tableS6_two_in_one","go_A_cor0.6_kappa0.6",0.4722,"go, A_cor0.6_kappa0.6","two_in_one_simulation.rds"
"tableS6_two_in_one","ess_A_cor0.6_kappa0.6",299.436,"ess, A_cor0.6_kappa0.6","two_in_one_simulation.rds"
"tableS6_two_in_one","success_chen_A_cor0.6_kappa0.6",0.7545,"success_chen, A_cor0.6_kappa0.6","two_in_one_simulation.rds"
"tableS6_two_in_one","success_g1_A_cor0.6_kappa0.6",0.7067,"success_g1, A_cor0.6_kappa0.6","two_in_one_simulation.rds"
"tableS6_two_in_one","t_x_A_cor0.6_kappa0.6",11.9314752139524,"t_x, A_cor0.6_kappa0.6","two_in_one_simulation.rds"
"tableS6_two_in_one","t_y_A_cor0.6_kappa0.6",16.6124847316271,"t_y, A_cor0.6_kappa0.6","two_in_one_simulation.rds"
"tableS6_two_in_one","t_z_A_cor0.6_kappa0.6",41.8904315540155,"t_z, A_cor0.6_kappa0.6","two_in_one_simulation.rds"
"tableS6_two_in_one","nsim_A_cor0.6_kappa0.6",10000,"nsim, A_cor0.6_kappa0.6","two_in_one_simulation.rds"
